Mutation,count,mean,std,min,max,FC_mean,FC_min,FC_max
GCSMs_median,1,-0.097,,-0.097,-0.097,0.7998342550070284,0.7998342550070284,0.7998342550070284
L56V,2,1.857,0.0,1.857,1.857,71.94489780036994,71.94489780036994,71.94489780036994
M66I,2,3.505,0.0,3.505,3.505,3198.895109691397,3198.895109691397,3198.895109691397
M66I+N74D+A105T,1,3.126,,3.126,3.126,1336.5955165464418,1336.5955165464418,1336.5955165464418
Multiclass_resistant,1,-0.187,,-0.187,-0.187,0.6501296903430906,0.6501296903430906,0.6501296903430906
N57H,2,3.689,0.0,3.689,3.689,4886.523593428336,4886.523593428336,4886.523593428336
N73D,1,1.477,,1.477,1.477,29.991625189876515,29.991625189876515,29.991625189876515
N74D,1,1.301,,1.301,1.301,19.998618696327437,19.998618696327437,19.998618696327437
Q67H,3,0.716,0.055,0.672,0.778,5.199959965335159,4.698941086052154,5.997910762555095
Q67H+K70R,1,-0.229,,-0.229,-0.229,0.5902010801718443,0.5902010801718443,0.5902010801718443
Q67H+N74D,1,2.176,,2.176,2.176,149.9684835502374,149.9684835502374,149.9684835502374
SDM_GCSMs,1,0.0,,0.0,0.0,1.0,1.0,1.0
