subtype_excluded,mean,n
B,1.5691153215786449,15
Mixed,1.875915708799583,10
HIV-2,1.6464318623539727,16
Subtype_B,1.6973281502804574,12
CRF02_AG,1.622668659746997,16
Subtype_D,1.508170137078725,16
