mutation,mean_rank,median_rank,std_rank,rank_95ci_lower,rank_95ci_upper,rank_stability
N57H,1.0,1.0,0.0,1.0,1.0,1.0
M66I,1.8533034714445689,2.0,0.35380313320435236,1.0,2.0,0.977887304174728
M66I+N74D+A105T,2.7349768875192604,3.0,0.48142063885454667,2.0,3.0,0.9699112100715909
K70N+N74K,3.364741641337386,3.0,0.6575051932475195,2.0,4.0,0.95890592542203
M66I+T107A,4.015267175572519,4.0,0.8044222508265464,2.0,5.0,0.9497236093233409
Q67K+K70H,4.683333333333334,5.0,0.884904263497219,3.0,6.0,0.9446934835314238
Q67H+N74D,5.297971918876755,5.0,1.0101569698495534,3.0,7.0,0.9368651893844029
M66I+A105T,5.956661316211878,6.0,1.073412714849622,4.0,8.0,0.9329117053218986
L56V,6.594318181818182,7.0,1.1442403151262983,4.0,9.0,0.9284849803046064
N74D,7.657377049180328,8.0,1.2356665442802874,5.0,10.0,0.9227708409824821
Q67H+K70R,8.507261410788383,8.0,1.7466474021484801,6.0,13.0,0.89083453736572
Q67H,8.76923076923077,9.0,1.278630224216472,6.0,11.0,0.9200856109864705
K436E+I437T,9.848159509202453,10.0,1.198137480596269,8.0,12.0,0.9251164074627332
SDM_GCSMs,10.531152647975079,11.0,1.2214827738162126,8.0,13.0,0.9236573266364867
GCSMs_median,11.1283255086072,11.0,1.2443784756888723,9.0,13.049999999999955,0.9222263452694455
Multiclass_resistant,11.772012578616351,12.0,1.3115007870021227,9.0,14.0,0.9180312008123673
