mutation,log10_FC,FC,perturbation_score,ddG_binding,mechanism
N57H,3.68930885912362,4889.999999999995,5.85,4.5,H-bond_loss
M66I,3.505149978319906,3199.999999999999,9.56,5.2,steric_hindrance
Q67H,0.7164063708851267,5.204827863394202,5.34,2.8,conformational_switch
N74D,1.3010299956639813,20.000000000000004,2.63,2.1,electrostatic_repulsion
L56V,1.8573324964312683,71.99999999999997,6.14,3.8,steric_clash
