mutation,n_observations,n_studies,contexts,mean_log10FC,std_log10FC,min_log10FC,max_log10FC,mean_quality
Q67H+K70R,3,3,"clinical, in_vitro",0.8931570171154496,0.9946416583430487,-0.2291479883578558,1.665580991017953,4.333333333333333
Q67H,3,3,"clinical, in_vitro",0.7164063708851267,0.055134840811002554,0.6720978579357175,0.7781512503836436,3.0
L56V,2,1,in_vitro,1.8573324964312683,0.0,1.8573324964312683,1.8573324964312683,3.0
N57H,2,1,in_vitro,3.68930885912362,0.0,3.68930885912362,3.68930885912362,3.0
M66I,2,2,in_vitro,3.505149978319906,0.0,3.505149978319906,3.505149978319906,3.0
GCSMs_median,1,1,in_vitro,-0.0969100130080563,,-0.0969100130080563,-0.0969100130080563,3.0
K436E+I437T,1,1,in_vitro,0.2041199826559248,,0.2041199826559248,0.2041199826559248,4.0
K70N+N74K,1,1,clinical,2.460897842756548,,2.460897842756548,2.460897842756548,5.0
M66I+N74D+A105T,1,1,clinical,3.126131407261985,,3.126131407261985,3.126131407261985,3.0
M66I+A105T,1,1,clinical,2.0453229787866576,,2.0453229787866576,2.0453229787866576,5.0
L56V+N57H,1,1,in_vitro,,,,,5.0
Multiclass_resistant,1,1,in_vitro,-0.1870866433571444,,-0.1870866433571444,-0.1870866433571444,3.0
M66I+T107A,1,1,clinical,2.369215857410143,,2.369215857410143,2.369215857410143,5.0
N74D,1,1,in_vitro,1.3010299956639813,,1.3010299956639813,1.3010299956639813,3.0
Q67H+N74D,1,1,in_vitro,2.1760912590556813,,2.1760912590556813,2.1760912590556813,3.0
Q67H+N74S,1,1,in_vitro,,,,,4.0
Q67H+T107N,1,1,in_vitro,,,,,4.0
Q67K+K70H,1,1,clinical,2.222716471147584,,2.222716471147584,2.222716471147584,5.0
SDM_GCSMs,1,1,in_vitro,0.0,,0.0,0.0,3.0
