Mutation,FC_mean,FC_CI_lower,FC_CI_upper,n_obs
N57H,4890.0,4890.0,4890.0,2
M66I,3200.0,3200.0,3200.0,2
M66I+N74D+A105T,1337.0,1337.0,1337.0,1
K70N+N74K,289.0,289.0,289.0,1
M66I+T107A,234.0,234.0,234.0,1
Q67K+K70H,167.0,167.0,167.0,1
Q67H+N74D,150.0,150.0,150.0,1
M66I+A105T,111.0,111.0,111.0,1
L56V,72.0,72.0,72.0,2
Q67H+K70R,21.463333333333335,0.59,46.29999999999999,3
N74D,20.0,20.0,20.0,1
Q67H,5.233333333333333,4.7,6.0,3
K436E+I437T,1.6,1.6,1.6,1
SDM_GCSMs,1.0,1.0,1.0,1
GCSMs_median,0.8,0.8,0.8,1
Multiclass_resistant,0.65,0.65,0.65,1
